Workbook

Sheet Score Entry
A1: 🏆 CORPORATE QUIZ CONTROL PANEL
A4: Team | B4: Round 1 | C4: Round 2 | D4: Round 3 | E4: Round 4 | F4: Round 5 | G4: Total | H4: Rank
A5: Red Team | B5: 10 | C5: 3 | G5: =SUM(B5:F5) -> 13 | H5: =RANK(G5,$G$5:$G$14,0) -> 8
A6: Blue Team | B6: 22 | C6: 3 | G6: =SUM(B6:F6) -> 25 | H6: =RANK(G6,$G$5:$G$14,0) -> 4
A7: Ghosts in the Shell | B7: 11 | C7: 1 | G7: =SUM(B7:F7) -> 12 | H7: =RANK(G7,$G$5:$G$14,0) -> 9
A8: Zero Days | B8: 22 | C8: 3 | G8: =SUM(B8:F8) -> 25 | H8: =RANK(G8,$G$5:$G$14,0) -> 4
A9: Byte Bandits | B9: 33 | C9: 2 | G9: =SUM(B9:F9) -> 35 | H9: =RANK(G9,$G$5:$G$14,0) -> 3
A10: The Firewalls | B10: 43 | C10: 1 | G10: =SUM(B10:F10) -> 44 | H10: =RANK(G10,$G$5:$G$14,0) -> 1
A11: The Dark Web Divers | B11: 21 | C11: 3 | G11: =SUM(B11:F11) -> 24 | H11: =RANK(G11,$G$5:$G$14,0) -> 6
A12: Phantom Protocol | B12: 3 | C12: 1 | G12: =SUM(B12:F12) -> 4 | H12: =RANK(G12,$G$5:$G$14,0) -> 10
A13: The Encryptors | B13: 1 | C13: 21 | G13: =SUM(B13:F13) -> 22 | H13: =RANK(G13,$G$5:$G$14,0) -> 7
A14: Cipher Punks | B14: 34 | C14: 2 | G14: =SUM(B14:F14) -> 36 | H14: =RANK(G14,$G$5:$G$14,0) -> 2

Sheet Dashboard
A1: 🏆 LIVE LEADERBOARD
A4: Rank | B4: Team | C4: Score | J4: 🥇 Leader | K4: =INDEX('Score Entry'!A5:A14,MATCH(1,'Score Entry'!H5:H14,0)) -> The Firewalls
A5: =_xludf.SORTBY('Score Entry'!H5:H14,'Score Entry'!H5:H14,1) -> #NAME? | B5: =_xludf.SORTBY('Score Entry'!A5:A14,'Score Entry'!H5:H14,1) -> #NAME? | C5: =_xludf.SORTBY('Score Entry'!G5:G14,'Score Entry'!H5:H14,1) -> #NAME?
J8: 🎯 Highest Score | K8: =MAX('Score Entry'!G5:G14) -> 44
J12: 📊 Teams | K12: =COUNTA('Score Entry'!A5:A14) -> 10

Sheet Host Guide
A1: Host Workflow
A3: 1. Enter scores only on the Score Entry sheet.
A4: 2. Project the Dashboard sheet.
A5: 3. After each round, update scores and press F9 if needed.
A6: 4. Use Zoom at 125-150% for projector.
A7: 5. Freeze panes for easy entry.
